{
  "University of Southern California": [
    34.0223519,
    -118.285117
  ],
  "Arendelle": null,
  "Penn State": [
    41.2033216,
    -77.1945247
  ],
  "The University of Arizona": [
    32.2318981,
    -110.9535407
  ],
  "Memphis": [
    35.1495343,
    -90.0489801
  ],
  "Indianapolis": [
    39.768403,
    -86.158068
  ],
  "Tampa Bay": [
    27.763383,
    -82.5436722
  ],
  "Santa Barbara": [
    34.4208305,
    -119.6981901
  ],
  "Wakanda": null,
  "University of Florida": [
    29.6465428,
    -82.3533266
  ],
  "The University of Mississippi": [
    34.3662492,
    -89.5379687
  ],
  "Purdue University": [
    40.4237054,
    -86.92119459999999
  ],
  "Coruscant": null,
  "Jakku": null,
  "Mustafar": null,
  "Alabama 2": [
    31.7510453,
    -86.0937312
  ],
  "Niagara-on-the-Lake": [
    43.2549988,
    -79.0772616
  ],
  "Vientiane": [
    17.9757058,
    102.6331035
  ],
  "The University of Oklahoma": [
    35.1987162,
    -97.4448963
  ],
  "Manila": [
    14.5995124,
    120.9842195
  ],
  "Philippines": [
    12.879721,
    121.774017
  ],
  "Pike Place 3": [
    47.6113714,
    -122.3339244
  ],
  "Clemson University": [
    34.6749926,
    -82.8406184
  ],
  "Sacramento State": [
    38.564761,
    -121.4276493
  ],
  "Notre Dame": [
    41.7050504,
    -86.2355439
  ],
  "University of Missouri": [
    38.9403808,
    -92.32773750000001
  ],
  "Georgetown University": [
    38.9076089,
    -77.07225849999999
  ],
  "Canada’s Wonderland": [
    43.8423619,
    -79.54121549999999
  ],
  "Northeastern University": [
    42.339904,
    -71.0898892
  ],
  "Fresno State": [
    36.8136777,
    -119.7461767
  ],
  "University of Georgia": [
    33.9566656,
    -83.375192
  ],
  "University of Colorado Boulder": [
    40.0073499,
    -105.2659871
  ],
  "Naboo": null,
  "Nevarro": null,
  "Ahch-To": null,
  "UNLV": [
    36.107496,
    -115.1435252
  ],
  "Pennsylvania 2": [
    40.0431613,
    -75.03775019999999
  ],
  "University of Washington": [
    47.65464069999999,
    -122.3074579
  ],
  "Orlando 2": [
    28.5383832,
    -81.3789269
  ],
  "Nevada 2": [
    40.0384749,
    -116.419389
  ],
  "Epcot 2": [
    31.8786156,
    131.4253138
  ],
  "Arizona State University": [
    33.4229975,
    -111.9278306
  ],
  "Magic Kingdom 2": [
    28.4188163,
    -81.5817689
  ],
  "Rutgers": null,
  "San Diego State": [
    32.7774047,
    -117.0714068
  ],
  "California Adventure 2": [
    36.778261,
    -119.4179324
  ],
  "Florida International University": [
    25.7562465,
    -80.3755401
  ],
  "Disneyland 2": [
    33.8120918,
    -117.9189742
  ],
  "Fukuoka": [
    33.5901838,
    130.4016888
  ],
  "Animal Kingdom 2": null,
  "Hollywood Studios 2": null,
  "Texas 3": null,
  "Sacramento": [
    38.5815719,
    -121.4943996
  ],
  "Oklahoma 2": [
    34.7432484,
    -95.3939551
  ],
  "Arizona 3": [
    34.0489281,
    -111.0937311
  ],
  "Barbados": [
    13.193887,
    -59.543198
  ],
  "Kentucky 2": [
    37.5687365,
    -85.93045459999999
  ],
  "Yosemite National Park": [
    37.8651011,
    -119.5383294
  ],
  "Tatooine": null,
  "Endor": null,
  "Batuu": null,
  "Delhi": [
    28.6139391,
    77.2090212
  ],
  "Mumbai": [
    19.0759837,
    72.8776559
  ],
  "Bengaluru": [
    12.9715987,
    77.5945627
  ],
  "Hyderabad": [
    17.406498,
    78.47724389999999
  ],
  "India": [
    20.593684,
    78.96288
  ],
  "Guatemala": [
    15.783471,
    -90.23075899999999
  ],
  "El Salvador": [
    13.794185,
    -88.89653
  ],
  "Macau": [
    22.198745,
    113.543873
  ],
  "The Florida Keys": [
    25.0979464,
    -80.4369215
  ],
  "Monterey": [
    36.6002378,
    -121.8946761
  ],
  "Morelia": [
    19.7059504,
    -101.1949825
  ],
  "Mazatlan": [
    23.2494148,
    -106.4111425
  ],
  "Leon": null,
  "Chihuahua": null,
  "Jamaica": [
    18.109581,
    -77.297508
  ],
  "Hong Kong Disneyland": [
    22.3129666,
    114.0412819
  ],
  "Pike Place 2": [
    47.6094454,
    -122.3418219
  ],
  "Turks & Caicos": [
    21.694025,
    -71.797928
  ],
  "Cayman Islands": [
    19.3133,
    -81.2546
  ],
  "Santa Cruz de la Sierra": [
    -17.8145819,
    -63.1560853
  ],
  "Uruguay": [
    -32.522779,
    -55.765835
  ],
  "Ciudad de Mexico": [
    19.4326077,
    -99.133208
  ],
  "Guanajuato": [
    21.0190145,
    -101.2573586
  ],
  "Guadalajara": [
    40.632489,
    -3.16017
  ],
  "Kaohsiung": [
    22.6272772,
    120.3014375
  ],
  "Taichung": [
    24.1631651,
    120.6746691
  ],
  "Tainan": [
    22.9997281,
    120.2270277
  ],
  "Taipei": [
    25.0329694,
    121.5654177
  ],
  "Taiwan": [
    23.69781,
    120.960515
  ],
  "Ensenada": [
    31.8667427,
    -116.5963713
  ],
  "Cancun": [
    21.161908,
    -86.8515279
  ],
  "Ho Chi Minh": [
    10.8230989,
    106.6296638
  ],
  "Hanoi": [
    21.0277644,
    105.8341598
  ],
  "Singapore": [
    1.352083,
    103.819836
  ],
  "Santo Domingo": [
    18.4626178,
    -69.93609239999999
  ],
  "Republica Dominicana": [
    18.735693,
    -70.162651
  ],
  "Dagobah": null,
  "Bespin": null,
  "Hoth": null,
  "Cozumel": [
    20.4229839,
    -86.9223432
  ],
  "Acapulco": [
    16.8639515,
    -99.8822807
  ],
  "Monterrey": [
    25.6866142,
    -100.3161126
  ],
  "Tulum": [
    20.2114185,
    -87.46535019999999
  ],
  "Merida": [
    20.9673702,
    -89.5925857
  ],
  "New Zealand": [
    -40.900557,
    174.885971
  ],
  "Mississippi": [
    32.3546679,
    -89.3985283
  ],
  "Playa del Carmen": [
    20.6295586,
    -87.0738851
  ],
  "Los Cabos": [
    22.8948129,
    -109.9152149
  ],
  "Puerto Vallarta": [
    20.6565177,
    -105.211358
  ],
  "Queretaro": [
    20.5887932,
    -100.3898881
  ],
  "Puebla": [
    19.0414398,
    -98.2062727
  ],
  "Veracruz": [
    19.173773,
    -96.1342241
  ],
  "Oaxaca": [
    17.0731842,
    -96.7265889
  ],
  "Zacatecas": [
    22.7727913,
    -102.5765714
  ],
  "Villahermosa": [
    17.989456,
    -92.9475061
  ],
  "Chiapas": [
    16.7569318,
    -93.12923529999999
  ],
  "San Miguel de Allende": [
    20.9144491,
    -100.745235
  ],
  "Mexico": [
    23.634501,
    -102.552784
  ],
  "Cebu": [
    10.3156992,
    123.8854366
  ],
  "Cavite": [
    14.4791297,
    120.8969634
  ],
  "Cagayan de Oro": [
    8.4802729,
    124.6497636
  ],
  "Bulacan": [
    14.7942735,
    120.8799008
  ],
  "Batangas": [
    13.7564651,
    121.0583076
  ],
  "Davao": [
    7.0736114,
    125.6110248
  ],
  "Pampanga": [
    15.079409,
    120.6199895
  ],
  "Makati": [
    14.554729,
    121.0244452
  ],
  "Iloilo": [
    10.7201501,
    122.5621063
  ],
  "Boracay": [
    11.9673753,
    121.924815
  ],
  "Bacolod": [
    10.6713397,
    122.9510716
  ],
  "Quezon City": [
    14.6760413,
    121.0437003
  ],
  "Laguna": null,
  "Tagaytay": [
    14.115286,
    120.9621165
  ],
  "Baguio": [
    16.4023332,
    120.5960071
  ],
  "Korea": [
    37.66399759999999,
    127.9784585
  ],
  "Wellington": [
    -41.2923814,
    174.7787463
  ],
  "Queenstown": [
    -45.0301511,
    168.6615141
  ],
  "Christchurch": [
    -43.5320301,
    172.636648
  ],
  "Auckland": [
    -36.85088270000001,
    174.7644881
  ],
  "West Virginia 2": [
    39.3398965,
    -81.405836
  ],
  "Vietnam": [
    14.058324,
    108.277199
  ],
  "Missouri 2": [
    37.9642529,
    -91.8318334
  ],
  "Kansas City 2": null,
  "Calgary 2": [
    51.026561,
    -113.9994844
  ],
  "Texas 2": null,
  "British Columbia 2": [
    55.625371,
    -120.1170085
  ],
  "New Jersey 2": [
    39.3964336,
    -74.8741045
  ],
  "Arequipa": [
    -16.4090474,
    -71.53745099999999
  ],
  "Cusco": [
    -13.53195,
    -71.96746259999999
  ],
  "Perú": [
    -9.189967,
    -75.015152
  ],
  "Panamá": [
    8.537981,
    -80.782127
  ],
  "Trinidad & Tobago": [
    10.691803,
    -61.222503
  ],
  "Rio de Janeiro": [
    -22.9068467,
    -43.1728965
  ],
  "São Paulo": [
    -23.5557714,
    -46.6395571
  ],
  "Brasil": [
    -14.235004,
    -51.92528
  ],